POSTCODE,FREQUENTAGE,CRIMETYPE,CRIMES
3000,20-29F,Personal,2460.0
3002,20-29F,Personal,94.0
3003,20-29M,Personal,77.0
3004,20-29F,Personal,6.0
3005,20-29M,Personal,
3006,20-29M,Personal,265.0
3008,20-29M,Personal,101.0
3010,10-19F,Personal,
3011,20-29M,Personal,385.0
3012,30-39M,Personal,249.0
3013,30-39F,Personal,101.0
3015,30-39F,Personal,107.0
3016,40-49F,Personal,148.0
3018,40-49M,Personal,122.0
3019,20-29M,Personal,104.0
3020,20-29M,Personal,759.0
3021,20-29M,Personal,758.0
3022,30-39M,Personal,31.0
3023,30-39F,Personal,644.0
3024,30-39F,Personal,124.0
3025,30-39M,Personal,149.0
3026,60-69M,Personal,70.0
3027,30-39M,Personal,5.0
3028,20-29M,Personal,310.0
3029,30-39M,Personal,621.0
3030,30-39F,Personal,708.0
3031,20-29F,Personal,294.0
3032,20-29M,Personal,303.0
3033,60-69F,Personal,187.0
3034,60-69F,Personal,61.0
3036,50-59F,Personal,15.0
3037,30-39F,Personal,335.0
3038,40-49F,Personal,229.0
3039,30-39F,Personal,147.0
3040,40-49F,Personal,199.0
3041,40-49F,Personal,67.0
3042,30-39F,Personal,118.0
3043,30-39F,Personal,214.0
3044,30-39F,Personal,165.0
3045,40-49F,Personal,39.0
3046,20-29M,Personal,456.0
3047,20-29M,Personal,579.0
3048,10-19M,Personal,360.0
3049,50-59F,Personal,98.0
3051,20-29F,Personal,200.0
3052,20-29F,Personal,139.0
3053,20-29F,Personal,177.0
3054,20-29F,Personal,57.0
3055,20-29M,Personal,77.0
3056,20-29F,Personal,280.0
3057,20-29F,Personal,60.0
3058,30-39F,Personal,369.0
3059,40-49F,Personal,60.0
3060,20-29M,Personal,172.0
3061,20-29M,Personal,147.0
3062,60-69M,Personal,9.0
3063,20-29M,Personal,9.0
3064,0-9M,Personal,762.0
3065,20-29F,Personal,285.0
3066,30-39M,Personal,235.0
3067,30-39M,Personal,92.0
3068,30-39F,Personal,131.0
3070,30-39F,Personal,162.0
3071,30-39F,Personal,154.0
3072,30-39M,Personal,562.0
3073,20-29M,Personal,476.0
3074,20-29M,Personal,323.0
3075,30-39M,Personal,237.0
3076,30-39F,Personal,414.0
3078,40-49F,Personal,66.0
3079,40-49F,Personal,84.0
3081,20-29M,Personal,361.0
3082,40-49F,Personal,292.0
3083,20-29M,Personal,202.0
3084,40-49F,Personal,180.0
3085,30-39F,Personal,101.0
3086,20-29F,Personal,
3087,30-39F,Personal,86.0
3088,50-59F,Personal,268.0
3089,40-49F,Personal,95.0
3090,40-49M,Personal,9.0
3091,40-49F,Personal,3.0
3093,40-49F,Personal,24.0
3094,50-59F,Personal,63.0
3095,50-59F,Personal,131.0
3096,10-19F,Personal,5.0
3097,10-19M,Personal,3.0
3099,50-59F,Personal,44.0
3101,40-49F,Personal,107.0
3102,40-49F,Personal,20.0
3103,40-49F,Personal,32.0
3104,10-19M,Personal,56.0
3105,40-49F,Personal,49.0
3106,40-49F,Personal,63.0
3107,40-49F,Personal,48.0
3108,40-49F,Personal,145.0
3109,40-49F,Personal,112.0
3111,40-49F,Personal,25.0
3113,40-49F,Personal,30.0
3114,10-19M,Personal,53.0
3115,10-19M,Personal,8.0
3116,50-59F,Personal,38.0
3121,20-29F,Personal,369.0
3122,20-29M,Personal,183.0
3123,20-29M,Personal,29.0
3124,40-49F,Personal,97.0
3125,20-29F,Personal,88.0
3126,40-49F,Personal,28.0
3127,40-49F,Personal,58.0
3128,20-29M,Personal,228.0
3129,40-49F,Personal,53.0
3130,40-49F,Personal,136.0
3131,30-39F,Personal,108.0
3132,30-39F,Personal,63.0
3133,50-59F,Personal,67.0
3134,40-49F,Personal,283.0
3135,40-49F,Personal,112.0
3136,40-49F,Personal,485.0
3137,40-49F,Personal,96.0
3138,20-29M,Personal,201.0
3139,40-49F,Personal,65.0
3140,40-49F,Personal,221.0
3141,20-29F,Personal,235.0
3142,20-29F,Personal,80.0
3143,20-29F,Personal,47.0
3144,20-29F,Personal,75.0
3145,20-29M,Personal,128.0
3146,40-49F,Personal,97.0
3147,40-49F,Personal,98.0
3148,20-29M,Personal,130.0
3149,40-49F,Personal,136.0
3150,40-49F,Personal,228.0
3151,20-29M,Personal,45.0
3152,50-59F,Personal,275.0
3153,30-39M,Personal,222.0
3154,40-49M,Personal,23.0
3155,30-39F,Personal,301.0
3156,40-49F,Personal,289.0
3158,50-59F,Personal,50.0
3159,40-49F,Personal,8.0
3160,40-49F,Personal,47.0
3161,20-29F,Personal,62.0
3162,40-49F,Personal,113.0
3163,20-29M,Personal,125.0
3165,40-49F,Personal,140.0
3166,20-29M,Personal,173.0
3167,20-29M,Personal,71.0
3168,20-29M,Personal,202.0
3169,20-29M,Personal,147.0
3170,30-39F,Personal,110.0
3171,20-29M,Personal,289.0
3172,10-19M,Personal,158.0
3173,30-39F,Personal,167.0
3174,20-29M,Personal,547.0
3175,20-29M,Personal,1274.0
3177,20-29M,Personal,247.0
3178,40-49F,Personal,197.0
3179,40-49F,Personal,39.0
3180,40-49F,Personal,48.0
3181,20-29F,Personal,368.0
3182,20-29F,Personal,593.0
3183,20-29F,Personal,128.0
3184,30-39F,Personal,130.0
3185,30-39F,Personal,68.0
3186,40-49F,Personal,107.0
3187,40-49F,Personal,55.0
3188,40-49F,Personal,130.0
3189,30-39M,Personal,132.0
3190,30-39F,Personal,99.0
3191,40-49F,Personal,54.0
3192,30-39F,Personal,186.0
3193,40-49F,Personal,58.0
3194,40-49F,Personal,110.0
3195,40-49F,Personal,285.0
3196,30-39F,Personal,245.0
3197,40-49F,Personal,106.0
3198,30-39M,Personal,257.0
3199,40-49F,Personal,1171.0
3200,20-29F,Personal,153.0
3201,30-39M,Personal,260.0
3202,0-9M,Personal,19.0
3204,40-49F,Personal,155.0
3205,30-39F,Personal,267.0
3206,30-39F,Personal,71.0
3207,30-39F,Personal,282.0
3211,50-59M,Personal,3.0
3212,30-39M,Personal,185.0
3214,10-19M,Personal,578.0
3215,20-29F,Personal,170.0
3216,20-29M,Personal,315.0
3217,20-29M,Personal,1.0
3218,20-29F,Personal,110.0
3219,40-49F,Personal,223.0
3220,40-49F,Personal,400.0
3221,10-19M,Personal,39.0
3222,50-59F,Personal,50.0
3223,60-69F,Personal,34.0
3224,30-39F,Personal,36.0
3225,60-69F,Personal,19.0
3226,50-59F,Personal,35.0
3227,40-49F,Personal,12.0
3228,0-9M,Personal,66.0
3230,60-69F,Personal,16.0
3231,40-49F,Personal,10.0
3232,50-59F,Personal,23.0
3233,50-59M,Personal,25.0
3235,50-59F,Personal,2.0
3236,50-59M,Personal,
3237,50-59M,Personal,1.0
3238,50-59M,Personal,5.0
3239,50-59M,Personal,6.0
3240,40-49F,Personal,4.0
3241,50-59F,Personal,22.0
3242,10-19M,Personal,1.0
3243,50-59M,Personal,2.0
3249,40-49M,Personal,17.0
3250,0-9M,Personal,218.0
3251,50-59M,Personal,
3254,0-9M,Personal,3.0
3260,60-69M,Personal,43.0
3264,10-19M,Personal,13.0
3265,50-59M,Personal,62.0
3266,10-19M,Personal,15.0
3267,0-9F,Personal,
3268,10-19F,Personal,8.0
3269,50-59M,Personal,8.0
3270,60-69F,Personal,2.0
3272,50-59M,Personal,16.0
3273,50-59M,Personal,3.0
3274,50-59M,Personal,1.0
3275,10-19F,Personal,
3276,40-49F,Personal,7.0
3277,10-19M,Personal,13.0
3278,40-49M,Personal,
3280,10-19M,Personal,474.0
3281,10-19F,Personal,2.0
3282,50-59F,Personal,26.0
3283,50-59F,Personal,8.0
3284,60-69F,Personal,20.0
3285,10-19M,Personal,3.0
3286,40-49F,Personal,4.0
3287,40-49F,Personal,1.0
3289,50-59M,Personal,1.0
3292,60-69M,Personal,
3293,40-49M,Personal,2.0
3294,60-69F,Personal,2.0
3300,10-19M,Personal,151.0
3301,50-59M,Personal,
3302,40-49M,Personal,
3303,40-49F,Personal,
3304,50-59M,Personal,25.0
3305,50-59M,Personal,164.0
3309,40-49M,Personal,
3310,50-59F,Personal,4.0
3311,60-69F,Personal,6.0
3312,40-49M,Personal,8.0
3314,0-9M,Personal,
3315,50-59M,Personal,13.0
3317,50-59M,Personal,
3318,40-49F,Personal,10.0
3319,50-59F,Personal,
3321,40-49M,Personal,
3324,60-69M,Personal,4.0
3325,50-59M,Personal,14.0
3328,40-49F,Personal,1.0
3329,10-19M,Personal,1.0
3330,60-69F,Personal,
3331,0-9M,Personal,11.0
3332,10-19M,Personal,2.0
3333,40-49F,Personal,20.0
3334,40-49F,Personal,1.0
3335,50-59M,Personal,26.0
3337,20-29F,Personal,610.0
3338,20-29F,Personal,240.0
3340,10-19M,Personal,208.0
3341,40-49F,Personal,7.0
3342,40-49F,Personal,22.0
3345,40-49F,Personal,3.0
3350,20-29F,Personal,1036.0
3351,40-49F,Personal,43.0
3352,40-49M,Personal,100.0
3355,10-19M,Personal,277.0
3356,20-29F,Personal,272.0
3357,50-59F,Personal,24.0
3360,50-59M,Personal,
3361,10-19M,Personal,3.0
3363,50-59F,Personal,31.0
3364,50-59M,Personal,6.0
3370,50-59F,Personal,12.0
3371,50-59M,Personal,10.0
3373,60-69M,Personal,13.0
3374,50-59F,Personal,
3375,60-69M,Personal,
3377,50-59M,Personal,278.0
3378,50-59M,Personal,1.0
3379,50-59M,Personal,5.0
3380,40-49F,Personal,162.0
3381,60-69M,Personal,11.0
3384,50-59M,Personal,3.0
3385,50-59M,Personal,1.0
3387,50-59M,Personal,1.0
3388,10-19F,Personal,11.0
3390,50-59M,Personal,8.0
3391,50-59M,Personal,7.0
3392,60-69M,Personal,5.0
3393,50-59F,Personal,42.0
3395,50-59M,Personal,2.0
3396,50-59M,Personal,5.0
3400,0-9M,Personal,460.0
3401,40-49M,Personal,23.0
3407,40-49F,Personal,
3409,50-59M,Personal,11.0
3412,60-69M,Personal,12.0
3413,0-9F,Personal,
3414,50-59F,Personal,25.0
3418,10-19M,Personal,8.0
3419,40-49F,Personal,12.0
3420,50-59M,Personal,
3423,50-59M,Personal,13.0
3424,60-69M,Personal,11.0
3427,50-59M,Personal,40.0
3428,40-49F,Personal,9.0
3429,40-49F,Personal,392.0
3430,40-49M,Personal,
3431,40-49F,Personal,16.0
3433,10-19M,Personal,1.0
3434,40-49M,Personal,36.0
3435,50-59F,Personal,12.0
3437,40-49F,Personal,41.0
3438,0-9F,Personal,7.0
3440,50-59F,Personal,3.0
3441,50-59F,Personal,2.0
3442,40-49F,Personal,35.0
3444,40-49F,Personal,84.0
3446,10-19M,Personal,49.0
3447,50-59M,Personal,1.0
3448,50-59M,Personal,4.0
3450,50-59F,Personal,115.0
3451,50-59M,Personal,16.0
3453,50-59M,Personal,4.0
3458,40-49F,Personal,7.0
3460,50-59F,Personal,46.0
3461,50-59F,Personal,13.0
3462,50-59M,Personal,14.0
3463,50-59F,Personal,13.0
3464,50-59M,Personal,10.0
3465,60-69F,Personal,165.0
3467,60-69M,Personal,23.0
3468,50-59F,Personal,
3469,60-69M,Personal,9.0
3472,60-69M,Personal,11.0
3475,50-59M,Personal,12.0
3477,60-69M,Personal,
3478,60-69F,Personal,90.0
3480,10-19M,Personal,16.0
3482,0-9M,Personal,9.0
3483,60-69M,Personal,2.0
3485,60-69F,Personal,2.0
3490,50-59M,Personal,6.0
3491,50-59M,Personal,
3494,50-59M,Personal,6.0
3496,10-19M,Personal,73.0
3498,10-19M,Personal,38.0
3500,10-19F,Personal,721.0
3501,10-19M,Personal,10.0
3505,10-19M,Personal,56.0
3507,60-69M,Personal,1.0
3509,10-19M,Personal,1.0
3512,50-59M,Personal,2.0
3515,40-49M,Personal,6.0
3516,50-59M,Personal,15.0
3517,50-59M,Personal,12.0
3518,60-69M,Personal,20.0
3520,60-69F,Personal,6.0
3521,10-19F,Personal,12.0
3522,60-69F,Personal,8.0
3523,60-69M,Personal,26.0
3525,50-59M,Personal,11.0
3527,50-59M,Personal,4.0
3530,50-59M,Personal,
3531,10-19M,Personal,
3533,50-59M,Personal,15.0
3537,50-59M,Personal,4.0
3540,60-69M,Personal,5.0
3542,50-59F,Personal,
3544,10-19M,Personal,4.0
3546,10-19M,Personal,10.0
3549,50-59M,Personal,94.0
3550,20-29F,Personal,718.0
3551,10-19M,Personal,86.0
3555,20-29F,Personal,204.0
3556,50-59F,Personal,166.0
3557,50-59M,Personal,15.0
3558,60-69M,Personal,23.0
3559,10-19M,Personal,5.0
3561,10-19M,Personal,52.0
3562,10-19M,Personal,1.0
3563,10-19M,Personal,
3564,40-49F,Personal,182.0
3566,40-49M,Personal,2.0
3567,30-39F,Personal,8.0
3568,60-69M,Personal,31.0
3570,50-59F,Personal,8.0
3571,20-29M,Personal,
3572,40-49F,Personal,1.0
3573,50-59F,Personal,5.0
3575,50-59M,Personal,3.0
3579,50-59M,Personal,53.0
3580,60-69M,Personal,4.0
3581,10-19M,Personal,9.0
3584,0-9M,Personal,9.0
3585,10-19M,Personal,325.0
3586,50-59M,Personal,3.0
3588,10-19M,Personal,
3589,10-19M,Personal,9.0
3590,50-59M,Personal,2.0
3591,50-59F,Personal,
3594,10-19F,Personal,
3595,50-59M,Personal,6.0
3596,50-59F,Personal,
3597,40-49M,Personal,4.0
3608,60-69M,Personal,16.0
3610,40-49M,Personal,21.0
3612,50-59M,Personal,35.0
3614,10-19F,Personal,2.0
3616,10-19M,Personal,50.0
3617,50-59M,Personal,
3618,50-59F,Personal,4.0
3620,10-19M,Personal,64.0
3621,10-19M,Personal,10.0
3622,50-59M,Personal,3.0
3623,50-59M,Personal,1.0
3624,10-19M,Personal,7.0
3629,0-9M,Personal,148.0
3630,10-19M,Personal,665.0
3631,10-19M,Personal,42.0
3633,10-19M,Personal,2.0
3634,50-59M,Personal,11.0
3635,50-59F,Personal,1.0
3636,50-59M,Personal,33.0
3637,10-19F,Personal,6.0
3638,50-59M,Personal,12.0
3639,50-59M,Personal,6.0
3640,0-9M,Personal,7.0
3641,50-59M,Personal,7.0
3644,0-9M,Personal,63.0
3646,50-59M,Personal,5.0
3649,50-59M,Personal,1.0
3658,50-59M,Personal,59.0
3659,50-59F,Personal,7.0
3660,50-59F,Personal,265.0
3662,20-29M,Personal,5.0
3663,50-59M,Personal,1.0
3664,50-59M,Personal,21.0
3666,60-69F,Personal,44.0
3669,60-69M,Personal,14.0
3670,50-59M,Personal,9.0
3672,50-59F,Personal,180.0
3673,50-59F,Personal,5.0
3675,50-59F,Personal,12.0
3677,0-9M,Personal,351.0
3678,50-59F,Personal,18.0
3682,10-19M,Personal,3.0
3683,50-59M,Personal,9.0
3685,50-59F,Personal,17.0
3687,10-19M,Personal,4.0
3688,50-59F,Personal,5.0
3690,10-19M,Personal,426.0
3691,10-19M,Personal,28.0
3694,20-29M,Personal,
3695,50-59M,Personal,
3697,50-59M,Personal,4.0
3698,50-59M,Personal,
3699,30-39M,Personal,5.0
3700,60-69M,Personal,9.0
3701,60-69M,Personal,4.0
3705,60-69M,Personal,
3707,50-59M,Personal,31.0
3709,50-59M,Personal,2.0
3711,50-59M,Personal,
3712,60-69M,Personal,2.0
3713,60-69M,Personal,19.0
3714,60-69M,Personal,32.0
3715,60-69M,Personal,4.0
3717,60-69M,Personal,30.0
3719,60-69F,Personal,
3720,60-69M,Personal,6.0
3722,50-59F,Personal,43.0
3723,10-19F,Personal,9.0
3725,50-59F,Personal,4.0
3726,50-59M,Personal,3.0
3727,50-59M,Personal,1.0
3728,60-69M,Personal,2.0
3730,60-69F,Personal,50.0
3732,40-49M,Personal,
3733,50-59F,Personal,4.0
3735,10-19M,Personal,1.0
3737,50-59M,Personal,28.0
3739,50-59F,Personal,2.0
3740,50-59F,Personal,6.0
3741,60-69M,Personal,27.0
3744,50-59F,Personal,2.0
3746,60-69M,Personal,
3747,50-59F,Personal,24.0
3749,40-49F,Personal,3.0
3750,20-29F,Personal,14.0
3751,60-69M,Personal,1.0
3752,30-39F,Personal,240.0
3753,40-49M,Personal,12.0
3754,0-9M,Personal,109.0
3755,40-49M,Personal,6.0
3756,0-9F,Personal,134.0
3757,0-9M,Personal,66.0
3758,10-19F,Personal,23.0
3759,40-49F,Personal,13.0
3760,40-49F,Personal,
3761,50-59M,Personal,9.0
3763,40-49M,Personal,21.0
3764,10-19M,Personal,85.0
3765,40-49F,Personal,49.0
3766,50-59M,Personal,4.0
3767,50-59F,Personal,1.0
3770,50-59M,Personal,29.0
3775,40-49M,Personal,14.0
3777,50-59F,Personal,83.0
3778,50-59F,Personal,3.0
3779,60-69F,Personal,6.0
3781,10-19M,Personal,29.0
3782,40-49F,Personal,40.0
3783,40-49F,Personal,15.0
3785,0-9F,Personal,
3786,50-59M,Personal,3.0
3787,50-59M,Personal,8.0
3788,40-49F,Personal,12.0
3789,50-59F,Personal,1.0
3791,50-59M,Personal,5.0
3792,50-59F,Personal,5.0
3793,40-49F,Personal,17.0
3795,10-19M,Personal,3.0
3796,10-19M,Personal,47.0
3797,40-49F,Personal,35.0
3799,40-49F,Personal,36.0
3800,20-29M,Personal,
3802,50-59F,Personal,243.0
3803,20-29F,Personal,155.0
3804,10-19M,Personal,19.0
3805,10-19M,Personal,588.0
3806,40-49F,Personal,356.0
3807,40-49F,Personal,46.0
3808,40-49F,Personal,92.0
3809,20-29F,Personal,25.0
3810,0-9M,Personal,585.0
3812,10-19F,Personal,19.0
3813,40-49M,Personal,3.0
3814,10-19F,Personal,13.0
3815,40-49M,Personal,17.0
3816,10-19M,Personal,29.0
3818,0-9M,Personal,135.0
3820,10-19M,Personal,210.0
3821,40-49F,Personal,15.0
3822,40-49F,Personal,5.0
3823,50-59F,Personal,16.0
3824,50-59F,Personal,31.0
3825,50-59M,Personal,600.0
3831,10-19M,Personal,26.0
3832,50-59M,Personal,
3833,60-69M,Personal,6.0
3835,50-59F,Personal,12.0
3840,10-19M,Personal,654.0
3842,20-29F,Personal,200.0
3844,40-49F,Personal,747.0
3847,50-59F,Personal,42.0
3850,10-19M,Personal,383.0
3851,30-39M,Personal,166.0
3852,20-29M,Personal,
3854,50-59M,Personal,4.0
3856,50-59M,Personal,7.0
3857,10-19F,Personal,2.0
3858,60-69M,Personal,41.0
3859,10-19M,Personal,5.0
3860,50-59F,Personal,109.0
3862,50-59F,Personal,15.0
3864,50-59M,Personal,4.0
3865,50-59F,Personal,
3869,50-59F,Personal,14.0
3870,50-59F,Personal,33.0
3871,50-59F,Personal,24.0
3873,50-59F,Personal,
3874,50-59M,Personal,20.0
3875,50-59F,Personal,311.0
3878,60-69F,Personal,5.0
3880,60-69F,Personal,20.0
3882,60-69M,Personal,2.0
3885,50-59F,Personal,11.0
3886,0-9M,Personal,8.0
3887,50-59M,Personal,16.0
3888,60-69M,Personal,54.0
3889,50-59M,Personal,1.0
3890,40-49F,Personal,6.0
3891,50-59F,Personal,3.0
3892,60-69M,Personal,16.0
3895,50-59M,Personal,4.0
3896,50-59M,Personal,4.0
3898,60-69M,Personal,8.0
3900,60-69M,Personal,3.0
3902,60-69M,Personal,1.0
3903,60-69M,Personal,6.0
3904,60-69M,Personal,2.0
3909,60-69F,Personal,166.0
3910,40-49F,Personal,162.0
3911,40-49F,Personal,24.0
3912,40-49F,Personal,149.0
3913,10-19M,Personal,56.0
3915,20-29F,Personal,232.0
3916,50-59M,Personal,1.0
3918,10-19M,Personal,14.0
3919,40-49M,Personal,36.0
3920,20-29M,Personal,10.0
3921,0-9F,Personal,
3922,60-69F,Personal,100.0
3923,60-69F,Personal,2.0
3925,60-69F,Personal,88.0
3926,50-59F,Personal,11.0
3927,60-69F,Personal,13.0
3928,60-69M,Personal,
3929,60-69F,Personal,7.0
3930,40-49F,Personal,50.0
3931,60-69F,Personal,255.0
3933,50-59M,Personal,12.0
3934,40-49F,Personal,65.0
3936,60-69F,Personal,93.0
3937,50-59F,Personal,8.0
3938,60-69F,Personal,9.0
3939,60-69F,Personal,213.0
3940,70-79F,Personal,60.0
3941,60-69F,Personal,118.0
3942,60-69F,Personal,12.0
3943,60-69F,Personal,112.0
3944,60-69F,Personal,7.0
3945,50-59M,Personal,14.0
3950,50-59F,Personal,50.0
3951,50-59F,Personal,
3953,50-59F,Personal,75.0
3954,40-49F,Personal,2.0
3956,60-69M,Personal,31.0
3957,0-9F,Personal,
3958,60-69M,Personal,
3959,60-69F,Personal,3.0
3960,50-59F,Personal,9.0
3962,60-69M,Personal,5.0
3965,60-69M,Personal,4.0
3966,60-69M,Personal,5.0
3971,60-69M,Personal,74.0
3975,30-39M,Personal,75.0
3976,10-19M,Personal,301.0
3977,0-9M,Personal,869.0
3978,50-59M,Personal,10.0
3979,50-59F,Personal,3.0
3980,40-49M,Personal,15.0
3981,10-19M,Personal,41.0
3984,60-69F,Personal,57.0
3987,10-19F,Personal,4.0
3988,0-9M,Personal,4.0
3991,50-59F,Personal,12.0
3992,50-59F,Personal,2.0
3995,50-59F,Personal,216.0
3996,60-69F,Personal,36.0
3000,20-29F,Property,14472.0
3002,20-29F,Property,476.0
3003,20-29M,Property,408.0
3004,20-29F,Property,177.0
3005,20-29M,Property,
3006,20-29M,Property,1195.0
3008,20-29M,Property,663.0
3010,10-19F,Property,
3011,20-29M,Property,1958.0
3012,30-39M,Property,1543.0
3013,30-39F,Property,785.0
3015,30-39F,Property,956.0
3016,40-49F,Property,1030.0
3018,40-49M,Property,713.0
3019,20-29M,Property,799.0
3020,20-29M,Property,3610.0
3021,20-29M,Property,3199.0
3022,30-39M,Property,546.0
3023,30-39F,Property,3235.0
3024,30-39F,Property,868.0
3025,30-39M,Property,903.0
3026,60-69M,Property,461.0
3027,30-39M,Property,156.0
3028,20-29M,Property,1467.0
3029,30-39M,Property,4180.0
3030,30-39F,Property,4514.0
3031,20-29F,Property,1302.0
3032,20-29M,Property,2281.0
3033,60-69F,Property,521.0
3034,60-69F,Property,251.0
3036,50-59F,Property,207.0
3037,30-39F,Property,1896.0
3038,40-49F,Property,1433.0
3039,30-39F,Property,1090.0
3040,40-49F,Property,1136.0
3041,40-49F,Property,511.0
3042,30-39F,Property,1148.0
3043,30-39F,Property,1216.0
3044,30-39F,Property,1063.0
3045,40-49F,Property,446.0
3046,20-29M,Property,1590.0
3047,20-29M,Property,2113.0
3048,10-19M,Property,874.0
3049,50-59F,Property,309.0
3051,20-29F,Property,987.0
3052,20-29F,Property,512.0
3053,20-29F,Property,1437.0
3054,20-29F,Property,391.0
3055,20-29M,Property,521.0
3056,20-29F,Property,1818.0
3057,20-29F,Property,477.0
3058,30-39F,Property,2353.0
3059,40-49F,Property,386.0
3060,20-29M,Property,738.0
3061,20-29M,Property,1061.0
3062,60-69M,Property,107.0
3063,20-29M,Property,11.0
3064,0-9M,Property,2411.0
3065,20-29F,Property,1573.0
3066,30-39M,Property,965.0
3067,30-39M,Property,530.0
3068,30-39F,Property,1024.0
3070,30-39F,Property,1288.0
3071,30-39F,Property,907.0
3072,30-39M,Property,3223.0
3073,20-29M,Property,2293.0
3074,20-29M,Property,1793.0
3075,30-39M,Property,945.0
3076,30-39F,Property,1935.0
3078,40-49F,Property,497.0
3079,40-49F,Property,492.0
3081,20-29M,Property,796.0
3082,40-49F,Property,1274.0
3083,20-29M,Property,1275.0
3084,40-49F,Property,757.0
3085,30-39F,Property,331.0
3086,20-29F,Property,
3087,30-39F,Property,323.0
3088,50-59F,Property,978.0
3089,40-49F,Property,304.0
3090,40-49M,Property,57.0
3091,40-49F,Property,36.0
3093,40-49F,Property,65.0
3094,50-59F,Property,168.0
3095,50-59F,Property,503.0
3096,10-19F,Property,21.0
3097,10-19M,Property,12.0
3099,50-59F,Property,96.0
3101,40-49F,Property,830.0
3102,40-49F,Property,151.0
3103,40-49F,Property,376.0
3104,10-19M,Property,378.0
3105,40-49F,Property,266.0
3106,40-49F,Property,211.0
3107,40-49F,Property,158.0
3108,40-49F,Property,1214.0
3109,40-49F,Property,552.0
3111,40-49F,Property,132.0
3113,40-49F,Property,92.0
3114,10-19M,Property,41.0
3115,10-19M,Property,28.0
3116,50-59F,Property,361.0
3121,20-29F,Property,2688.0
3122,20-29M,Property,1216.0
3123,20-29M,Property,335.0
3124,40-49F,Property,859.0
3125,20-29F,Property,558.0
3126,40-49F,Property,196.0
3127,40-49F,Property,477.0
3128,20-29M,Property,1146.0
3129,40-49F,Property,290.0
3130,40-49F,Property,716.0
3131,30-39F,Property,1080.0
3132,30-39F,Property,804.0
3133,50-59F,Property,438.0
3134,40-49F,Property,1751.0
3135,40-49F,Property,550.0
3136,40-49F,Property,1115.0
3137,40-49F,Property,540.0
3138,20-29M,Property,535.0
3139,40-49F,Property,232.0
3140,40-49F,Property,797.0
3141,20-29F,Property,1368.0
3142,20-29F,Property,713.0
3143,20-29F,Property,356.0
3144,20-29F,Property,714.0
3145,20-29M,Property,1341.0
3146,40-49F,Property,529.0
3147,40-49F,Property,472.0
3148,20-29M,Property,609.0
3149,40-49F,Property,1487.0
3150,40-49F,Property,1432.0
3151,20-29M,Property,289.0
3152,50-59F,Property,1415.0
3153,30-39M,Property,1312.0
3154,40-49M,Property,112.0
3155,30-39F,Property,1073.0
3156,40-49F,Property,1266.0
3158,50-59F,Property,208.0
3159,40-49F,Property,53.0
3160,40-49F,Property,368.0
3161,20-29F,Property,449.0
3162,40-49F,Property,487.0
3163,20-29M,Property,818.0
3165,40-49F,Property,491.0
3166,20-29M,Property,1140.0
3167,20-29M,Property,336.0
3168,20-29M,Property,1422.0
3169,20-29M,Property,508.0
3170,30-39F,Property,809.0
3171,20-29M,Property,1207.0
3172,10-19M,Property,483.0
3173,30-39F,Property,808.0
3174,20-29M,Property,1383.0
3175,20-29M,Property,4680.0
3177,20-29M,Property,522.0
3178,40-49F,Property,783.0
3179,40-49F,Property,222.0
3180,40-49F,Property,306.0
3181,20-29F,Property,1649.0
3182,20-29F,Property,2410.0
3183,20-29F,Property,699.0
3184,30-39F,Property,515.0
3185,30-39F,Property,654.0
3186,40-49F,Property,905.0
3187,40-49F,Property,349.0
3188,40-49F,Property,576.0
3189,30-39M,Property,779.0
3190,30-39F,Property,523.0
3191,40-49F,Property,575.0
3192,30-39F,Property,1412.0
3193,40-49F,Property,425.0
3194,40-49F,Property,586.0
3195,40-49F,Property,1234.0
3196,30-39F,Property,720.0
3197,40-49F,Property,388.0
3198,30-39M,Property,1051.0
3199,40-49F,Property,4317.0
3200,20-29F,Property,353.0
3201,30-39M,Property,916.0
3202,0-9M,Property,77.0
3204,40-49F,Property,923.0
3205,30-39F,Property,1505.0
3206,30-39F,Property,611.0
3207,30-39F,Property,1128.0
3211,50-59M,Property,68.0
3212,30-39M,Property,506.0
3214,10-19M,Property,2257.0
3215,20-29F,Property,1007.0
3216,20-29M,Property,1760.0
3217,20-29M,Property,30.0
3218,20-29F,Property,600.0
3219,40-49F,Property,1133.0
3220,40-49F,Property,2133.0
3221,10-19M,Property,255.0
3222,50-59F,Property,275.0
3223,60-69F,Property,199.0
3224,30-39F,Property,249.0
3225,60-69F,Property,114.0
3226,50-59F,Property,331.0
3227,40-49F,Property,189.0
3228,0-9M,Property,496.0
3230,60-69F,Property,102.0
3231,40-49F,Property,54.0
3232,50-59F,Property,108.0
3233,50-59M,Property,82.0
3235,50-59F,Property,11.0
3236,50-59M,Property,6.0
3237,50-59M,Property,6.0
3238,50-59M,Property,10.0
3239,50-59M,Property,11.0
3240,40-49F,Property,29.0
3241,50-59F,Property,107.0
3242,10-19M,Property,16.0
3243,50-59M,Property,10.0
3249,40-49M,Property,77.0
3250,0-9M,Property,535.0
3251,50-59M,Property,10.0
3254,0-9M,Property,7.0
3260,60-69M,Property,142.0
3264,10-19M,Property,177.0
3265,50-59M,Property,39.0
3266,10-19M,Property,76.0
3267,0-9F,Property,6.0
3268,10-19F,Property,57.0
3269,50-59M,Property,26.0
3270,60-69F,Property,10.0
3272,50-59M,Property,73.0
3273,50-59M,Property,3.0
3274,50-59M,Property,7.0
3275,10-19F,Property,4.0
3276,40-49F,Property,5.0
3277,10-19M,Property,38.0
3278,40-49M,Property,8.0
3280,10-19M,Property,1182.0
3281,10-19F,Property,4.0
3282,50-59F,Property,65.0
3283,50-59F,Property,24.0
3284,60-69F,Property,142.0
3285,10-19M,Property,50.0
3286,40-49F,Property,5.0
3287,40-49F,Property,2.0
3289,50-59M,Property,11.0
3292,60-69M,Property,17.0
3293,40-49M,Property,4.0
3294,60-69F,Property,12.0
3300,10-19M,Property,453.0
3301,50-59M,Property,10.0
3302,40-49M,Property,7.0
3303,40-49F,Property,6.0
3304,50-59M,Property,81.0
3305,50-59M,Property,618.0
3309,40-49M,Property,2.0
3310,50-59F,Property,13.0
3311,60-69F,Property,58.0
3312,40-49M,Property,22.0
3314,0-9M,Property,6.0
3315,50-59M,Property,19.0
3317,50-59M,Property,6.0
3318,40-49F,Property,10.0
3319,50-59F,Property,2.0
3321,40-49M,Property,21.0
3324,60-69M,Property,12.0
3325,50-59M,Property,11.0
3328,40-49F,Property,13.0
3329,10-19M,Property,2.0
3330,60-69F,Property,5.0
3331,0-9M,Property,65.0
3332,10-19M,Property,7.0
3333,40-49F,Property,36.0
3334,40-49F,Property,8.0
3335,50-59M,Property,237.0
3337,20-29F,Property,2159.0
3338,20-29F,Property,969.0
3340,10-19M,Property,841.0
3341,40-49F,Property,16.0
3342,40-49F,Property,142.0
3345,40-49F,Property,30.0
3350,20-29F,Property,3868.0
3351,40-49F,Property,133.0
3352,40-49M,Property,306.0
3355,10-19M,Property,1093.0
3356,20-29F,Property,1104.0
3357,50-59F,Property,99.0
3360,50-59M,Property,11.0
3361,10-19M,Property,8.0
3363,50-59F,Property,127.0
3364,50-59M,Property,39.0
3370,50-59F,Property,42.0
3371,50-59M,Property,19.0
3373,60-69M,Property,98.0
3374,50-59F,Property,
3375,60-69M,Property,6.0
3377,50-59M,Property,529.0
3378,50-59M,Property,2.0
3379,50-59M,Property,9.0
3380,40-49F,Property,239.0
3381,60-69M,Property,37.0
3384,50-59M,Property,8.0
3385,50-59M,Property,4.0
3387,50-59M,Property,
3388,10-19F,Property,12.0
3390,50-59M,Property,21.0
3391,50-59M,Property,15.0
3392,60-69M,Property,3.0
3393,50-59F,Property,104.0
3395,50-59M,Property,8.0
3396,50-59M,Property,12.0
3400,0-9M,Property,1674.0
3401,40-49M,Property,47.0
3407,40-49F,Property,10.0
3409,50-59M,Property,18.0
3412,60-69M,Property,11.0
3413,0-9F,Property,2.0
3414,50-59F,Property,25.0
3418,10-19M,Property,56.0
3419,40-49F,Property,24.0
3420,50-59M,Property,5.0
3423,50-59M,Property,24.0
3424,60-69M,Property,23.0
3427,50-59M,Property,83.0
3428,40-49F,Property,30.0
3429,40-49F,Property,1024.0
3430,40-49M,Property,14.0
3431,40-49F,Property,59.0
3433,10-19M,Property,5.0
3434,40-49M,Property,115.0
3435,50-59F,Property,64.0
3437,40-49F,Property,160.0
3438,0-9F,Property,40.0
3440,50-59F,Property,42.0
3441,50-59F,Property,12.0
3442,40-49F,Property,175.0
3444,40-49F,Property,350.0
3446,10-19M,Property,14.0
3447,50-59M,Property,8.0
3448,50-59M,Property,18.0
3450,50-59F,Property,248.0
3451,50-59M,Property,79.0
3453,50-59M,Property,19.0
3458,40-49F,Property,46.0
3460,50-59F,Property,148.0
3461,50-59F,Property,68.0
3462,50-59M,Property,20.0
3463,50-59F,Property,63.0
3464,50-59M,Property,21.0
3465,60-69F,Property,446.0
3467,60-69M,Property,26.0
3468,50-59F,Property,9.0
3469,60-69M,Property,8.0
3472,60-69M,Property,45.0
3475,50-59M,Property,18.0
3477,60-69M,Property,
3478,60-69F,Property,78.0
3480,10-19M,Property,27.0
3482,0-9M,Property,5.0
3483,60-69M,Property,24.0
3485,60-69F,Property,
3490,50-59M,Property,44.0
3491,50-59M,Property,
3494,50-59M,Property,22.0
3496,10-19M,Property,261.0
3498,10-19M,Property,150.0
3500,10-19F,Property,2245.0
3501,10-19M,Property,33.0
3505,10-19M,Property,193.0
3507,60-69M,Property,2.0
3509,10-19M,Property,11.0
3512,50-59M,Property,9.0
3515,40-49M,Property,29.0
3516,50-59M,Property,28.0
3517,50-59M,Property,67.0
3518,60-69M,Property,61.0
3520,60-69F,Property,5.0
3521,10-19F,Property,12.0
3522,60-69F,Property,13.0
3523,60-69M,Property,66.0
3525,50-59M,Property,67.0
3527,50-59M,Property,29.0
3530,50-59M,Property,
3531,10-19M,Property,4.0
3533,50-59M,Property,25.0
3537,50-59M,Property,12.0
3540,60-69M,Property,8.0
3542,50-59F,Property,1.0
3544,10-19M,Property,8.0
3546,10-19M,Property,16.0
3549,50-59M,Property,189.0
3550,20-29F,Property,2154.0
3551,10-19M,Property,404.0
3555,20-29F,Property,659.0
3556,50-59F,Property,561.0
3557,50-59M,Property,31.0
3558,60-69M,Property,33.0
3559,10-19M,Property,23.0
3561,10-19M,Property,182.0
3562,10-19M,Property,6.0
3563,10-19M,Property,19.0
3564,40-49F,Property,1004.0
3566,40-49M,Property,9.0
3567,30-39F,Property,10.0
3568,60-69M,Property,51.0
3570,50-59F,Property,16.0
3571,20-29M,Property,10.0
3572,40-49F,Property,4.0
3573,50-59F,Property,19.0
3575,50-59M,Property,11.0
3579,50-59M,Property,187.0
3580,60-69M,Property,8.0
3581,10-19M,Property,6.0
3584,0-9M,Property,15.0
3585,10-19M,Property,460.0
3586,50-59M,Property,8.0
3588,10-19M,Property,5.0
3589,10-19M,Property,7.0
3590,50-59M,Property,4.0
3591,50-59F,Property,
3594,10-19F,Property,1.0
3595,50-59M,Property,22.0
3596,50-59F,Property,1.0
3597,40-49M,Property,5.0
3608,60-69M,Property,77.0
3610,40-49M,Property,46.0
3612,50-59M,Property,69.0
3614,10-19F,Property,13.0
3616,10-19M,Property,244.0
3617,50-59M,Property,2.0
3618,50-59F,Property,17.0
3620,10-19M,Property,251.0
3621,10-19M,Property,62.0
3622,50-59M,Property,12.0
3623,50-59M,Property,29.0
3624,10-19M,Property,14.0
3629,0-9M,Property,535.0
3630,10-19M,Property,2332.0
3631,10-19M,Property,213.0
3633,10-19M,Property,8.0
3634,50-59M,Property,16.0
3635,50-59F,Property,13.0
3636,50-59M,Property,100.0
3637,10-19F,Property,8.0
3638,50-59M,Property,57.0
3639,50-59M,Property,15.0
3640,0-9M,Property,16.0
3641,50-59M,Property,15.0
3644,0-9M,Property,248.0
3646,50-59M,Property,10.0
3649,50-59M,Property,13.0
3658,50-59M,Property,108.0
3659,50-59F,Property,30.0
3660,50-59F,Property,424.0
3662,20-29M,Property,13.0
3663,50-59M,Property,10.0
3664,50-59M,Property,21.0
3666,60-69F,Property,98.0
3669,60-69M,Property,32.0
3670,50-59M,Property,10.0
3672,50-59F,Property,440.0
3673,50-59F,Property,16.0
3675,50-59F,Property,37.0
3677,0-9M,Property,913.0
3678,50-59F,Property,39.0
3682,10-19M,Property,15.0
3683,50-59M,Property,46.0
3685,50-59F,Property,61.0
3687,10-19M,Property,32.0
3688,50-59F,Property,26.0
3690,10-19M,Property,2053.0
3691,10-19M,Property,131.0
3694,20-29M,Property,
3695,50-59M,Property,6.0
3697,50-59M,Property,6.0
3698,50-59M,Property,6.0
3699,30-39M,Property,28.0
3700,60-69M,Property,34.0
3701,60-69M,Property,14.0
3705,60-69M,Property,5.0
3707,50-59M,Property,45.0
3709,50-59M,Property,9.0
3711,50-59M,Property,4.0
3712,60-69M,Property,7.0
3713,60-69M,Property,51.0
3714,60-69M,Property,71.0
3715,60-69M,Property,4.0
3717,60-69M,Property,59.0
3719,60-69F,Property,10.0
3720,60-69M,Property,35.0
3722,50-59F,Property,95.0
3723,10-19F,Property,79.0
3725,50-59F,Property,8.0
3726,50-59M,Property,4.0
3727,50-59M,Property,3.0
3728,60-69M,Property,11.0
3730,60-69F,Property,235.0
3732,40-49M,Property,6.0
3733,50-59F,Property,2.0
3735,10-19M,Property,1.0
3737,50-59M,Property,99.0
3739,50-59F,Property,2.0
3740,50-59F,Property,11.0
3741,60-69M,Property,66.0
3744,50-59F,Property,4.0
3746,60-69M,Property,8.0
3747,50-59F,Property,64.0
3749,40-49F,Property,19.0
3750,20-29F,Property,223.0
3751,60-69M,Property,14.0
3752,30-39F,Property,769.0
3753,40-49M,Property,52.0
3754,0-9M,Property,1004.0
3755,40-49M,Property,9.0
3756,0-9F,Property,327.0
3757,0-9M,Property,258.0
3758,10-19F,Property,42.0
3759,40-49F,Property,9.0
3760,40-49F,Property,1.0
3761,50-59M,Property,9.0
3763,40-49M,Property,24.0
3764,10-19M,Property,242.0
3765,40-49F,Property,153.0
3766,50-59M,Property,17.0
3767,50-59F,Property,36.0
3770,50-59M,Property,64.0
3775,40-49M,Property,68.0
3777,50-59F,Property,245.0
3778,50-59F,Property,5.0
3779,60-69F,Property,23.0
3781,10-19M,Property,83.0
3782,40-49F,Property,180.0
3783,40-49F,Property,51.0
3785,0-9F,Property,2.0
3786,50-59M,Property,27.0
3787,50-59M,Property,16.0
3788,40-49F,Property,56.0
3789,50-59F,Property,8.0
3791,50-59M,Property,11.0
3792,50-59F,Property,22.0
3793,40-49F,Property,73.0
3795,10-19M,Property,35.0
3796,10-19M,Property,190.0
3797,40-49F,Property,86.0
3799,40-49F,Property,141.0
3800,20-29M,Property,
3802,50-59F,Property,588.0
3803,20-29F,Property,514.0
3804,10-19M,Property,186.0
3805,10-19M,Property,2235.0
3806,40-49F,Property,1279.0
3807,40-49F,Property,225.0
3808,40-49F,Property,37.0
3809,20-29F,Property,266.0
3810,0-9M,Property,1933.0
3812,10-19F,Property,31.0
3813,40-49M,Property,18.0
3814,10-19F,Property,48.0
3815,40-49M,Property,63.0
3816,10-19M,Property,73.0
3818,0-9M,Property,429.0
3820,10-19M,Property,668.0
3821,40-49F,Property,59.0
3822,40-49F,Property,20.0
3823,50-59F,Property,48.0
3824,50-59F,Property,168.0
3825,50-59M,Property,1427.0
3831,10-19M,Property,27.0
3832,50-59M,Property,
3833,60-69M,Property,28.0
3835,50-59F,Property,22.0
3840,10-19M,Property,1700.0
3842,20-29F,Property,238.0
3844,40-49F,Property,1721.0
3847,50-59F,Property,70.0
3850,10-19M,Property,1150.0
3851,30-39M,Property,177.0
3852,20-29M,Property,
3854,50-59M,Property,32.0
3856,50-59M,Property,11.0
3857,10-19F,Property,10.0
3858,60-69M,Property,134.0
3859,10-19M,Property,18.0
3860,50-59F,Property,257.0
3862,50-59F,Property,59.0
3864,50-59M,Property,5.0
3865,50-59F,Property,5.0
3869,50-59F,Property,35.0
3870,50-59F,Property,29.0
3871,50-59F,Property,62.0
3873,50-59F,Property,10.0
3874,50-59M,Property,18.0
3875,50-59F,Property,918.0
3878,60-69F,Property,5.0
3880,60-69F,Property,80.0
3882,60-69M,Property,13.0
3885,50-59F,Property,43.0
3886,0-9M,Property,6.0
3887,50-59M,Property,21.0
3888,60-69M,Property,139.0
3889,50-59M,Property,6.0
3890,40-49F,Property,18.0
3891,50-59F,Property,8.0
3892,60-69M,Property,21.0
3895,50-59M,Property,
3896,50-59M,Property,8.0
3898,60-69M,Property,8.0
3900,60-69M,Property,7.0
3902,60-69M,Property,3.0
3903,60-69M,Property,14.0
3904,60-69M,Property,23.0
3909,60-69F,Property,483.0
3910,40-49F,Property,701.0
3911,40-49F,Property,140.0
3912,40-49F,Property,412.0
3913,10-19M,Property,125.0
3915,20-29F,Property,843.0
3916,50-59M,Property,48.0
3918,10-19M,Property,97.0
3919,40-49M,Property,118.0
3920,20-29M,Property,2.0
3921,0-9F,Property,
3922,60-69F,Property,273.0
3923,60-69F,Property,8.0
3925,60-69F,Property,87.0
3926,50-59F,Property,57.0
3927,60-69F,Property,20.0
3928,60-69M,Property,6.0
3929,60-69F,Property,83.0
3930,40-49F,Property,387.0
3931,60-69F,Property,943.0
3933,50-59M,Property,30.0
3934,40-49F,Property,287.0
3936,60-69F,Property,331.0
3937,50-59F,Property,43.0
3938,60-69F,Property,60.0
3939,60-69F,Property,789.0
3940,70-79F,Property,126.0
3941,60-69F,Property,678.0
3942,60-69F,Property,103.0
3943,60-69F,Property,108.0
3944,60-69F,Property,50.0
3945,50-59M,Property,20.0
3950,50-59F,Property,122.0
3951,50-59F,Property,12.0
3953,50-59F,Property,217.0
3954,40-49F,Property,2.0
3956,60-69M,Property,70.0
3957,0-9F,Property,2.0
3958,60-69M,Property,2.0
3959,60-69F,Property,10.0
3960,50-59F,Property,42.0
3962,60-69M,Property,18.0
3965,60-69M,Property,13.0
3966,60-69M,Property,9.0
3971,60-69M,Property,154.0
3975,30-39M,Property,329.0
3976,10-19M,Property,627.0
3977,0-9M,Property,2979.0
3978,50-59M,Property,171.0
3979,50-59F,Property,2.0
3980,40-49M,Property,86.0
3981,10-19M,Property,140.0
3984,60-69F,Property,177.0
3987,10-19F,Property,13.0
3988,0-9M,Property,12.0
3991,50-59F,Property,31.0
3992,50-59F,Property,6.0
3995,50-59F,Property,523.0
3996,60-69F,Property,206.0
